{"version_dpe": 0.015444916714835314, "methode_du_dpe": 0.018457352707917984, "categorie_erp": 0.009512155545838586, "secteur_activite": 0.040175860389698614, "type_energie_principale_chauffage": 0.004815135255808461, "type_energie_n_1": 0.012834486007813513, "type_usage_energie_n_1": 0.006857056095593652, "conso_kwhep_m2_an": 0.44828394253123616, "emission_ges_kgco2_m2_an": 0.20391270420200208, "surface_utile": 0.02284330901165851, "conso_finale_energie": 0.07182215348760364, "conso_primaire_energie": 0.06985481650865735, "frais_annuel_energie": 0.05202111665549596, "annee_construction": 0.023164994885840028}